condition,group,iteration,client_ms,accepted
conc-001,concurrency,1,2462,true
conc-001,concurrency,10,2480,true
conc-001,concurrency,11,2427,true
conc-001,concurrency,12,2486,true
conc-001,concurrency,13,2376,true
conc-001,concurrency,14,2564,true
conc-001,concurrency,15,2429,true
conc-001,concurrency,16,2415,true
conc-001,concurrency,17,2429,true
conc-001,concurrency,18,2517,true
conc-001,concurrency,19,2449,true
conc-001,concurrency,2,2421,true
conc-001,concurrency,20,2426,true
conc-001,concurrency,21,2487,true
conc-001,concurrency,22,2503,true
conc-001,concurrency,23,2395,true
conc-001,concurrency,24,2452,true
conc-001,concurrency,25,2397,true
conc-001,concurrency,26,2474,true
conc-001,concurrency,27,2396,true
conc-001,concurrency,28,2408,true
conc-001,concurrency,29,2451,true
conc-001,concurrency,3,2490,true
conc-001,concurrency,30,2520,true
conc-001,concurrency,31,2430,true
conc-001,concurrency,32,2582,true
conc-001,concurrency,33,2413,true
conc-001,concurrency,34,2428,true
conc-001,concurrency,35,2401,true
conc-001,concurrency,36,2412,true
conc-001,concurrency,37,2391,true
conc-001,concurrency,38,2458,true
conc-001,concurrency,39,2530,true
conc-001,concurrency,4,2524,true
conc-001,concurrency,40,2388,true
conc-001,concurrency,41,2467,true
conc-001,concurrency,42,2417,true
conc-001,concurrency,43,2436,true
conc-001,concurrency,44,2470,true
conc-001,concurrency,45,2409,true
conc-001,concurrency,46,2506,true
conc-001,concurrency,47,2521,true
conc-001,concurrency,48,2394,true
conc-001,concurrency,49,2461,true
conc-001,concurrency,5,2570,true
conc-001,concurrency,50,2343,true
conc-001,concurrency,6,2475,true
conc-001,concurrency,7,2440,true
conc-001,concurrency,8,2387,true
conc-001,concurrency,9,2505,true
conc-005,concurrency,1,2748,true
conc-005,concurrency,2,2503,true
conc-005,concurrency,3,2644,true
conc-005,concurrency,4,3015,true
conc-005,concurrency,5,2673,true
conc-005,concurrency,46,2314,true
conc-005,concurrency,47,2298,true
conc-005,concurrency,48,2341,true
conc-005,concurrency,49,2182,true
conc-005,concurrency,50,2370,true
conc-005,concurrency,6,2418,true
conc-005,concurrency,7,2380,true
conc-005,concurrency,8,2184,true
conc-005,concurrency,9,2545,true
conc-005,concurrency,10,2572,true
conc-005,concurrency,11,2505,true
conc-005,concurrency,12,2613,true
conc-005,concurrency,13,2498,true
conc-005,concurrency,14,2444,true
conc-005,concurrency,15,2557,true
conc-005,concurrency,16,2090,true
conc-005,concurrency,17,2141,true
conc-005,concurrency,18,2216,true
conc-005,concurrency,19,2366,true
conc-005,concurrency,20,2226,true
conc-005,concurrency,21,2445,true
conc-005,concurrency,22,2455,true
conc-005,concurrency,23,2310,true
conc-005,concurrency,24,2499,true
conc-005,concurrency,25,2242,true
conc-005,concurrency,26,2381,true
conc-005,concurrency,27,2195,true
conc-005,concurrency,28,2412,true
conc-005,concurrency,29,2270,true
conc-005,concurrency,30,2354,true
conc-005,concurrency,31,2350,true
conc-005,concurrency,32,2342,true
conc-005,concurrency,33,2375,true
conc-005,concurrency,34,2217,true
conc-005,concurrency,35,2233,true
conc-005,concurrency,36,2345,true
conc-005,concurrency,37,2194,true
conc-005,concurrency,38,2405,true
conc-005,concurrency,39,2384,true
conc-005,concurrency,40,2444,true
conc-005,concurrency,41,2380,true
conc-005,concurrency,42,2401,true
conc-005,concurrency,43,2444,true
conc-005,concurrency,44,2377,true
conc-005,concurrency,45,2323,true
conc-010,concurrency,1,2619,true
conc-010,concurrency,10,2753,true
conc-010,concurrency,2,2690,true
conc-010,concurrency,3,2918,true
conc-010,concurrency,4,2876,true
conc-010,concurrency,5,2883,true
conc-010,concurrency,6,2670,true
conc-010,concurrency,7,2898,true
conc-010,concurrency,8,2777,true
conc-010,concurrency,9,2833,true
conc-010,concurrency,11,2891,true
conc-010,concurrency,20,2603,true
conc-010,concurrency,12,2839,true
conc-010,concurrency,13,3060,true
conc-010,concurrency,14,2472,true
conc-010,concurrency,15,2944,true
conc-010,concurrency,16,2533,true
conc-010,concurrency,17,2781,true
conc-010,concurrency,18,2811,true
conc-010,concurrency,19,2888,true
conc-010,concurrency,21,2713,true
conc-010,concurrency,30,2611,true
conc-010,concurrency,22,2688,true
conc-010,concurrency,23,2828,true
conc-010,concurrency,24,2822,true
conc-010,concurrency,25,2724,true
conc-010,concurrency,26,2376,true
conc-010,concurrency,27,2982,true
conc-010,concurrency,28,2762,true
conc-010,concurrency,29,2769,true
conc-010,concurrency,31,2955,true
conc-010,concurrency,40,2805,true
conc-010,concurrency,32,2837,true
conc-010,concurrency,33,2566,true
conc-010,concurrency,34,2739,true
conc-010,concurrency,35,2707,true
conc-010,concurrency,36,2750,true
conc-010,concurrency,37,2780,true
conc-010,concurrency,38,2893,true
conc-010,concurrency,39,2930,true
conc-010,concurrency,41,2895,true
conc-010,concurrency,50,2901,true
conc-010,concurrency,42,3065,true
conc-010,concurrency,43,2679,true
conc-010,concurrency,44,2585,true
conc-010,concurrency,45,2910,true
conc-010,concurrency,46,2937,true
conc-010,concurrency,47,2739,true
conc-010,concurrency,48,2851,true
conc-010,concurrency,49,2851,true
conc-025,concurrency,1,4417,true
conc-025,concurrency,10,4162,true
conc-025,concurrency,11,4167,true
conc-025,concurrency,12,4379,true
conc-025,concurrency,13,4265,true
conc-025,concurrency,14,2813,true
conc-025,concurrency,15,4183,true
conc-025,concurrency,16,3184,true
conc-025,concurrency,17,4446,true
conc-025,concurrency,18,4509,true
conc-025,concurrency,19,4282,true
conc-025,concurrency,2,4549,true
conc-025,concurrency,20,4184,true
conc-025,concurrency,21,3063,true
conc-025,concurrency,22,4342,true
conc-025,concurrency,23,4441,true
conc-025,concurrency,24,3531,true
conc-025,concurrency,25,4351,true
conc-025,concurrency,3,3584,true
conc-025,concurrency,4,4118,true
conc-025,concurrency,5,4428,true
conc-025,concurrency,6,4706,true
conc-025,concurrency,7,4315,true
conc-025,concurrency,8,4480,true
conc-025,concurrency,9,4289,true
conc-025,concurrency,26,4060,true
conc-025,concurrency,35,3753,true
conc-025,concurrency,36,4149,true
conc-025,concurrency,37,2943,true
conc-025,concurrency,38,4214,true
conc-025,concurrency,39,4146,true
conc-025,concurrency,40,4244,true
conc-025,concurrency,41,4341,true
conc-025,concurrency,42,4301,true
conc-025,concurrency,43,4376,true
conc-025,concurrency,44,4196,true
conc-025,concurrency,27,4208,true
conc-025,concurrency,45,4337,true
conc-025,concurrency,46,2879,true
conc-025,concurrency,47,4178,true
conc-025,concurrency,48,4147,true
conc-025,concurrency,49,2741,true
conc-025,concurrency,50,4229,true
conc-025,concurrency,28,4330,true
conc-025,concurrency,29,4234,true
conc-025,concurrency,30,3735,true
conc-025,concurrency,31,4193,true
conc-025,concurrency,32,4725,true
conc-025,concurrency,33,4145,true
conc-025,concurrency,34,4037,true
conc-050,concurrency,1,5843,true
conc-050,concurrency,10,6746,true
conc-050,concurrency,11,6592,true
conc-050,concurrency,12,7018,true
conc-050,concurrency,13,4157,true
conc-050,concurrency,14,5389,true
conc-050,concurrency,15,7599,true
conc-050,concurrency,16,7628,true
conc-050,concurrency,17,8116,true
conc-050,concurrency,18,8649,true
conc-050,concurrency,19,7303,true
conc-050,concurrency,2,8249,true
conc-050,concurrency,20,8513,true
conc-050,concurrency,21,8611,true
conc-050,concurrency,22,7591,true
conc-050,concurrency,23,7640,true
conc-050,concurrency,24,8567,true
conc-050,concurrency,25,7570,true
conc-050,concurrency,26,7555,true
conc-050,concurrency,27,7713,true
conc-050,concurrency,28,7228,true
conc-050,concurrency,29,8656,true
conc-050,concurrency,3,8165,true
conc-050,concurrency,30,7728,true
conc-050,concurrency,31,8376,true
conc-050,concurrency,32,5627,true
conc-050,concurrency,33,8440,true
conc-050,concurrency,34,8291,true
conc-050,concurrency,35,8453,true
conc-050,concurrency,36,8647,true
conc-050,concurrency,37,8436,true
conc-050,concurrency,38,7030,true
conc-050,concurrency,39,8330,true
conc-050,concurrency,4,8694,true
conc-050,concurrency,40,7421,true
conc-050,concurrency,41,7931,true
conc-050,concurrency,42,8395,true
conc-050,concurrency,43,8554,true
conc-050,concurrency,44,8096,true
conc-050,concurrency,45,8065,true
conc-050,concurrency,46,8533,true
conc-050,concurrency,47,7372,true
conc-050,concurrency,48,7234,true
conc-050,concurrency,49,6889,true
conc-050,concurrency,5,8247,true
conc-050,concurrency,50,4220,true
conc-050,concurrency,6,7666,true
conc-050,concurrency,7,6859,true
conc-050,concurrency,8,8733,true
conc-050,concurrency,9,7685,true
